{
  "id": "515223b2-82d4-4c3c-995d-d2d8402d0fa7",
  "generation": 3,
  "iteration": 11,
  "current_iteration": 20,
  "metrics": {
    "score": 9581.021911797112,
    "geomean_us": 104.373
  },
  "language": "python",
  "timestamp": 1781038566.9375703,
  "saved_at": 1781038703.2823026
}