{
  "id": "cc87ebaf-7c10-4335-a73e-88811cf6970c",
  "generation": 0,
  "iteration": 2,
  "current_iteration": 5,
  "metrics": {
    "combined_score": 11050.822733752528,
    "geomean_us": 90.491,
    "pass_rate": 1.0
  },
  "language": "python",
  "timestamp": 1781645459.6294353,
  "saved_at": 1781645574.2900078
}