{
  "id": "e0ac92ae-7936-4fcc-a9c0-979bd44c9745",
  "generation": 0,
  "iteration": 3,
  "current_iteration": 10,
  "metrics": {
    "combined_score": 10124.839268176618,
    "geomean_us": 98.767,
    "pass_rate": 1.0
  },
  "language": "python",
  "timestamp": 1781299584.1400552,
  "saved_at": 1781299813.3198016
}