{
  "id": "fe27483f-e484-43e7-bbff-edac04287d6d",
  "generation": 0,
  "iteration": 15,
  "timestamp": 1781299950.9351907,
  "parent_id": "45b4fd93-8945-49f2-b259-670fb62a17f8",
  "metrics": {
    "combined_score": 10542.740269050732,
    "geomean_us": 94.852,
    "pass_rate": 1.0
  },
  "language": "python",
  "saved_at": 1781300200.9237878
}