{
  "id": "8aa59bda-fce6-4e25-97a8-b32153570e35",
  "generation": 2,
  "iteration": 5,
  "current_iteration": 10,
  "metrics": {
    "score": 9517.46454744456,
    "geomean_us": 105.07
  },
  "language": "python",
  "timestamp": 1781038483.276703,
  "saved_at": 1781038555.002016
}