{
  "id": "fe27483f-e484-43e7-bbff-edac04287d6d",
  "generation": 0,
  "iteration": 15,
  "current_iteration": 25,
  "metrics": {
    "combined_score": 10542.740269050732,
    "geomean_us": 94.852,
    "pass_rate": 1.0
  },
  "language": "python",
  "timestamp": 1781299950.9351907,
  "saved_at": 1781300200.8725348
}