{
  "id": "515223b2-82d4-4c3c-995d-d2d8402d0fa7",
  "generation": 3,
  "iteration": 11,
  "timestamp": 1781038566.9375703,
  "parent_id": "00173150-e6a1-4adf-b7ce-f38f0f007160",
  "metrics": {
    "score": 9581.021911797112,
    "geomean_us": 104.373
  },
  "language": "python",
  "saved_at": 1781038840.8067896
}