{
  "id": "49e9ceea-c8e0-47d6-b30b-82d10a76dc81",
  "generation": 0,
  "iteration": 10,
  "current_iteration": 15,
  "metrics": {
    "combined_score": 11143.427049554819,
    "geomean_us": 89.739,
    "pass_rate": 1.0
  },
  "language": "python",
  "timestamp": 1781645715.1430283,
  "saved_at": 1781645838.5312397
}