{
  "id": "bc4ad801-0e73-4efc-a9e9-4cdae12b9e30",
  "generation": 0,
  "iteration": 20,
  "timestamp": 1781645983.4636567,
  "parent_id": "1a57ed81-dcb1-4cf4-af5e-c7156b1b1983",
  "metrics": {
    "combined_score": 11206.993163734169,
    "geomean_us": 89.23,
    "pass_rate": 1.0
  },
  "language": "python",
  "saved_at": 1781646111.300281
}